氏名,会社名
深町香織,有限会社サトウ
青山紀子,
谷由佳子,
前野憲司,
田坂大樹,
西田誠,
小川英輝,
大西哲,
岩崎徹,
真田和人,
竹内恵子,株式会社MTS
田村航,株式会社ジュピター
高中明,
橋村正志,
山本大輔,
大竹伸也,株式会社フルハウス
知野秀樹,
小林英夫,
妹尾美恵子,
目黒浩,
吉田愛,
大瀧敦之,
坂井孝二,
有川真美,
増崎拓也,
北村和也,
上松秀幸,株式会社イデアル
上野太郎,アクシス株式会社
鎌田陽祐,
前川貴裕,株式会社ST
奥村美保,有限会社クレスト
佐藤英司,
堀田守,
松崎景子,
菊池綾,株式会社TRY
古屋さや,
岩見剛司,
並河啓子,
中井友希,
足立幸生,
丸山菜緒,
秋本昌利,
松田道人,
後藤守,
岡田芳彦,
森岡友之,
藤井由希,株式会社西村
谷祐実,
清水萌,株式会社英
肥田靖之,
永井美香,株式会社エムズ
奥村英樹,
窪田琢也,
塩見あかね,サンテック株式会社
高村利之,
福島烈,
棚原亮太郎,
梅田裕之,
伊禮博美,
齋藤誠人,
吉成一,東和工業株式会社
金沢友香,
大内広和,
川添佑亮,有限会社フジワラ
金井ヨウコ,有限会社ナイス
山梨真弓,
田村百合子,株式会社長谷川商店
下村まなみ,有限会社共和
福島千夏,
安達一也,
藤田直矢,株式会社SIN
下川原秀樹,
佐藤誠,株式会社ライフアシスト
山田晴香,株式会社三立
松田和美,有限会社アシスト
松田洋之,株式会社マルナカ
小林祥弘,
長谷川達也,株式会社アイシン
前川雄一郎,株式会社ヴィクトリー
佐藤瞳,
岡田太郎,
吉村光志,
松永和典,
山崎美奈子,
井上恵美子,
安原達也,
鹿島里実,株式会社ダイヤ
水谷智洋,有限会社サンテクノ
藤井理恵,
村松亜矢,
山本明子,
佐野一平,
新井武,
大塚麻里,有限会社フォーシーズン
藤代良明,
三宅純子,
有吉仁士,
伊東裕美,
上杉一美,
今尾悠,株式会社三宝
新田華織,
石井里子,株式会社エステック
矢追大地,
白井丈,
渡辺善史,
寺地幸治,株式会社ケイエス
曽我達,
神谷健司,有限会社オカモト
並木弘之,
竹内明子,
和田敦,
横山千恵,
田中直子,有限会社阿部工務店
栗原誠二,
西田孝子,
和田幸一,株式会社アスカ
星野美智子,
樋口加奈子,株式会社大善
村田優一,
江川麗子,
阿部直和,
叶俊之,
肘井努,
池田優子,株式会社SK
小林裕子,株式会社吉建
白濱有香,
箕浦寛人,
田川健,
三輪正徳,
藤木康介,
伊藤深雪,株式会社ガイア
近藤政宏,有限会社マルキ
中島洋子,有限会社森商店
花川秀行,株式会社ライン
西口哲弥,
小松直弘,
秋山隆之,株式会社永和
須山良人,
志村直樹,
熊谷清一,有限会社藤商事
山野寛子,
大山圭一,
高橋浩史,
大森翔子,
大竹順子,
小柳賢二,株式会社フラット
西野和久,
藤田芳文,有限会社ハラダ
三輪麻美,
龍亘,有限会社イズミ
飯塚裕子,
岡本昭次,有限会社協和
朝日絢子,
榊原健吾,
西出裕司,
清松久,有限会社阿部商店
青木郁子,
森裕生,有限会社オカモト
佐藤哲也,
三浦治,有限会社ふじや
日向賢,
渡部真男,
米田直子,
松岡翔,有限会社高橋商会
府川由加里,有限会社アーク
杉山良二,
関涼子,
岡本秀樹,有限会社ウィズ
大沼啓介,
牧田穣,
大塚洋,株式会社リンクス
杉田聡,有限会社サンキ
木谷広子,株式会社ユナイテッド
山田明子,ネクスト株式会社
青柳美穂子,
池島敏行,
高野圭介,株式会社グランディール
中村英輝,株式会社レーベン
唐澤健吾,
平岡里沙,株式会社メイワ
松林功,株式会社ナチュラル
笹山淳,有限会社アール
横山良夫,
小池恭太,有限会社アクアテック
池田尚,株式会社フジモト
梨本真希,
田内力,
山友哉,
小寺つばさ,株式会社エーアイ
秋山大智,株式会社蓮
矢島裕行,
都留裕幸,
斉藤智英子,
前田恭介,有限会社サンシャイン
伊藤京子,有限会社富士企画
木田真生子,有限会社レオ
小澤雅博,有限会社井上工業
山内美織,有限会社サンキ
二宮隆信,
楠達也,
田村智司,
糸井俊男,
伏見俊明,
清水新,
田中厚志,株式会社ディライト
原田明伸,株式会社エバーグリーン
安藤将史,
疋田秀光,
丸かおり,有限会社大新
鄭千夏,
石丸治,株式会社マック
宮脇貴司,
安江すみれ,
浦田彩夏,
窪田はるみ,株式会社清水工務店
岩間美奈子,
吉川健宏,
山田麻紀子,株式会社クライム
宮崎裕介,
村山由希子,
山根真,
池田春香,
伊藤芳宏,
星野友一,
佐藤裕,有限会社阿部商店
柳康博,
加藤潤子,株式会社ニック
青山孝司,
木下よしこ,有限会社シミズ
中村智史,
橘久美,
黒石勉,株式会社鈴木工務店
溝渕陽二,
大野昌義,
鴛海隆広,株式会社ライトハウス
河合昌寛,
井部麻友美,
早川隆宏,
石元広志,
福本大輔,株式会社サンワード
西川康介,株式会社ホクト
末冨玄,株式会社OWL
服部賢太,
高木尊之,
遠藤健志,
中村舞,
佐野良輔,
西野さおり,株式会社ランド
松本明雄,
渡部真希,株式会社ブレイクスルー
宮阪隆,有限会社ナカノ
鈴木純也,有限会社阿部工務店
吉川圭史,株式会社スプラウト
阿部央,株式会社アイシス
竹内和也,株式会社マルミ
原裕行,
遠藤はるみ,
長澤準,有限会社井上工業
松本裕美,
高尾なおこ,
平井俊弘,
倉本薫子,有限会社ダイキ
横田哲也,
木原真帆,
川島浩,
西川哲司,有限会社インテック
大城和歌子,有限会社クレア
村上豊,
村上俊平,株式会社アイテック
阪口博之,有限会社三陽
木村遼太,
渡部祐一郎,
吉田正道,株式会社ベストライフ
松元浩,
井上明,有限会社クロス
高島真由美,株式会社井上
吉野誠,有限会社富士企画
土井優子,有限会社木村商会
西脇太平,株式会社原田
牟田智子,
鈴木隆之,
柳井さゆり,
中島文人,株式会社T＆T
坂本篤紀,株式会社興和
矢部小百合,
小林謙一,
岩崎了,
佐々木俊,
松岡夏実,
玉野暁子,
長澤満,有限会社伸和
中泉久美子,
中島勝之,株式会社仁
近藤一郎,有限会社トータルサービス
弓削真弓,
金子康伸,
永井博美,
山田剛弘,
吉田正明,
小高翔太,
角田康,
宮原佳子,
石原早百合,
原田雄一,
渡邉美紀,
吉岡政彦,
山川美代子,
坂田洋幸,
景山隆三,
藤田このみ,
五十嵐正浩,
岡田直樹,
高橋俊郎,
石川薫,株式会社希望
諸岡晋太郎,株式会社レックス
中村一,
荒牧美沙,有限会社トータルサービス
中川真和,
菊地優理,
小倉謙一,
市川薫,株式会社スギモト
後藤慎司,株式会社クリエイティブ
徳永敦夫,
川浪恵利,有限会社サンエー
趙ひろみ,
酒井薫,株式会社エンジェル
金田豪,有限会社テイクワン
細谷歩美,株式会社グリット
伊東義和,有限会社ヤマシタ
西村大希,有限会社セブン
丸田康司,有限会社大栄商事
滝沢博之,
臼井周平,
北川葵,
矢澤侑香,有限会社ダイケン
高村秀樹,
藤野真生,株式会社AQUA
中村康成,
十文字崇,
長谷川美帆,
酒井達彦,
池田敬士,
石田恭平,
山下修一,有限会社松本商事
横山英明,
西出秀美,
加藤康太郎,有限会社平成建設
小野真,
田中哲男,
宮城翔太,有限会社近藤商店
三輪薫,
羽野美里,有限会社ライジング
佐々木綾,
川島薫,
矢部美穂,有限会社ユーアイ
大野真史,
池田亮,
大川浩史,
諏訪亜紀,
原田泰久,
伊東麻美,株式会社ミライズ
国分智史,有限会社ビジネスサポート
辻俊,
大江龍雄,
高橋光枝,
吉川美和子,
荻由美,
前川賢司,有限会社大創
町田詩織,
上島和美,株式会社Rise
高橋充彦,有限会社サカイ
大江優,株式会社匠
青沼健市,
石田達也,
天野真,
武澤裕一,
福永宙,株式会社メイワ
渡辺みちる,株式会社伊藤商店
大島正史,
吉水真莉子,有限会社リープ
田中隆二,
佐竹莉子,株式会社サンヨー
平林政彦,有限会社ナック
斎藤幸一,株式会社レック
小倉泉,株式会社トーホー
柳沢梓,
瀧本寛明,
間々田めぐみ,
落合健一,三和商事株式会社
笹井光司,
橋本操,有限会社エムアンドケイ
村吉雅子,
佐藤明日香,有限会社オグラ
大久保美衣,株式会社正和
藤川琢磨,
吉田雄大,有限会社和幸
出川宏明,有限会社小川工務店
池村真里子,
白須浩之,
森田絵美,株式会社フリースタイル
仲村大輔,株式会社ウイズ
小浦雅代,
古内愛理,
高橋佳奈子,
堀内佑基,株式会社イトウ
佐々木千恵,
岩瀬正美,有限会社丸正
宮崎優,
柴田澄江,アルファ株式会社
野呂哲平,有限会社斎藤商店
井上皓太,
笠井秀樹,
小野旭,有限会社ケイ・コーポレーション
小林徹,
塚原純子,
足立宏,
鷹觜昭仁,
小林弘樹,
渡辺直輝,
中山憲,
奥原茜,
窪田裕,有限会社トミタ
大橋理,
越村淑子,
森田泉,
金慎介,株式会社アーチ
日吉有美,株式会社プライム
岡本了子,株式会社共和
栗原菜穂子,
飯田奈都子,
大石友亮,
田口さおり,有限会社アンジュ
山崎裕樹,
平山絢子,
黒田桂子,株式会社ISM
飯塚一希,
吉田知晃,株式会社SSC
辻本彰,
星野友梨,
安藤康嗣,
山本照代,有限会社山本
澤木康彦,
滝本みさ,
原山一,
阿部真希,
小澤理,
吉野優作,
俣野徹也,
不破さやか,
菅生友樹,
横山雅一,株式会社クラフト
西村直喜,
谷和人,
岡田康平,
大塚大樹,
鈴木明里,
浅井美穂子,
杉山幸子,第一産業株式会社
木村宏美,
小泉希,
多久和剛史,有限会社シンエイ
藤原淑子,株式会社LOOP
清水佑基,田中産業株式会社
清川夏奈,
籾山智博,
山本隆洋,
岡本光希,
神村篤子,
大貫尚美,
冨田祐子,株式会社ダイサン
草彅直樹,田中産業株式会社
長野勇,
南善之,
浜口麻里,有限会社タクト
長谷部輝一,株式会社共栄
中原篤志,株式会社ロータス
内田裕美,
藤居良隆,株式会社やまと
斎藤洋,
吉村幸司,
木村博樹,株式会社山商
松井恭介,
堀越和彦,
中村賢一,株式会社テック
坂尻一平,株式会社イノベーション
高橋茜,株式会社イケダ
緑川勝正,
高橋愛子,
伊藤尚志,株式会社丸忠
伊藤徹,株式会社松本工務店
津野雅樹,株式会社ティアラ
吉村治夫,株式会社タケダ
神部克成,
柄澤真理子,有限会社清和
加藤和美,
中島由美,
奥村祐之,株式会社サークル
田中裕美,有限会社ワコー
坂尾春菜,
加藤隆広,
