連番,氏名,乱数
1,吉沢大地,5472
2,横田廣祐,9275
3,古沢帆南海,4437
4,島津芽衣,8087
5,中谷菜々子,1904
6,須藤稟,5726
7,野崎藍,3756
8,武田凪,6563
9,川島義明,7779
10,小沼十三,4004
11,林田信長,2033
12,金井義之,6653
13,坪田音羽,4216
14,島袋美月,2364
15,出口忠彦,9872
16,江原賢次,6703
17,今村優依,7171
18,小室愛花,1589
19,中原祐二,7865
20,北川利平,8950
21,岩城裕美子,3884
22,野田豊治,4981
23,棚橋藤奈,2659
24,富岡奏真,3981
25,松原守弘,8980
26,大谷康男,1181
27,畠中倫太郎,4538
28,古沢和馬,5405
29,井出正彦,9801
30,堀越夢,9085
31,西栞,9119
32,影山富士夫,2590
33,野田奈央,7015
34,菅小梅,5404
35,櫻井竜,8349
36,田口和秀,9498
37,野島悟,6013
38,海老原賢明,5537
39,冨田音葉,7471
40,上野広昭,7393
41,玉田美子,2075
42,黒崎雪菜,1531
43,城戸花凛,5530
44,山岸美奈子,2102
45,鵜飼宗一,9724
46,三好雄也,7360
47,五味明子,4758
48,木戸旺亮,7688
49,島村百合子,1349
50,長浜理沙,3682
51,久米美博,8086
52,古田依子,7496
53,平野賢明,8699
54,石井紗那,7200
55,中沢綾香,6565
56,大井義雄,4257
57,喜多璃子,9347
58,三浦沙耶香,7538
59,大和田道世,6175
60,仲村大地,2187
61,青柳忠三,5044
62,櫻井麻由,1750
63,池田康司,8503
64,片桐道世,8485
65,江藤結月,4056
66,秦麗,1856
67,石本尚司,2625
68,秋元啓一,3557
69,八田雅俊,2322
70,山野達雄,5983
71,都築永二,6600
72,三宅菜緒,6029
73,田中紗千花,5861
74,野村等,4341
75,平川沙奈,1321
76,三沢欧子,1263
77,堀川敦,4165
78,藤岡小枝子,7967
79,中島愛花音,2731
80,大谷平吉,4210
81,海老原公男,9659
82,中澤忠義,3567
83,板倉亨,9803
84,島津篤,9582
85,平尾千紗,1829
86,平謙多郎,5194
87,河田一二三,1746
88,松崎直也,5686
89,保坂敦彦,3694
90,浅井麻美,8967
91,望月富士雄,4212
92,三橋陽菜乃,3270
93,西山玲,1742
94,今西桃,1143
95,岡本梅吉,8168
96,竹村華蓮,5296
97,大井勝一,2145
98,坪井涼子,6506
99,小柳修司,8821
100,藤井千佐子,2338
101,横溝勝美,9652
102,高山風我,8781
103,高見萌,1641
104,多田卓,7954
105,秋本柚月,6096
106,浜野広志,3858
107,平塚詩,3030
108,矢崎麻世,6669
109,澤田祐希,3733
110,五味一三,3982
111,富山一華,2465
112,矢吹寧々,2011
113,角巧,7178
114,井沢太郎,1507
115,益子向日葵,2952
116,本村勇蔵,7337
117,上山美樹子,5698
118,沼田真尋,5613
119,大浦圭,9019
120,野崎茂樹,9564
121,米倉煌喜,9323
122,河合聖菜,2870
123,荒井和葉,9056
124,藤田正春,1534
125,飯田保夫,7990
126,水上昭,6996
127,松永耀,8766
128,梅田英男,6674
129,橘颯馬,3973
130,植村愛理,4147
131,小林日菜子,8101
132,武内寿子,2105
133,小高留子,2237
134,鳥居梨乃,4809
135,山上柑奈,2333
136,舟木盛雄,4602
137,木内静江,1357
138,大崎麻里,3468
139,小池花穂,8219
140,石丸宏行,3466
141,栗林智子,2931
142,碓井舞雪,5131
143,及川紀男,6015
144,秋葉伊織,1222
145,米倉良太,4566
146,恩田真実,8015
147,久野伸生,1645
148,立花幹彦,1087
149,森島璃音,9728
150,吉沢琴葉,7410
151,波多野彩芽,3185
152,今忠治,5870
153,船橋雪乃,1948
154,森下柚葉,1485
155,梅田敏,6546
156,進藤嘉男,8242
157,藤川嘉一,7289
158,江頭英子,7044
159,向井梨花,9750
160,北沢治志,3712
